Date,Close/Last,Volume,Open,High,Low
03/02/2023,82.338,N/A,82.35,82.40,82.237
03/01/2023,82.552,N/A,82.43,82.603,82.42
02/28/2023,82.534,N/A,82.64,82.645,82.365
02/27/2023,82.697,N/A,82.642,82.735,82.652
02/26/2023,82.933,N/A,82.897,82.948,82.834
02/24/2023,82.925,N/A,82.59,83.025,82.618
02/23/2023,82.724,N/A,82.59,82.742,82.618
02/22/2023,82.774,N/A,82.83,82.835,82.733
02/21/2023,82.808,N/A,82.844,82.867,82.79
02/20/2023,82.775,N/A,82.693,82.799,82.691
02/19/2023,82.674,N/A,82.75,82.765,82.643
02/17/2023,82.765,N/A,82.71,82.867,82.703
02/16/2023,82.792,N/A,82.71,82.845,82.703
02/15/2023,82.831,N/A,82.91,82.963,82.793
02/14/2023,82.858,N/A,82.91,82.963,82.839
02/13/2023,82.683,N/A,82.592,82.683,82.577
02/12/2023,82.745,N/A,82.51,82.772,82.52
02/10/2023,82.535,N/A,82.511,82.64,82.338
02/09/2023,82.57,N/A,82.511,82.64,82.535
02/08/2023,82.629,N/A,82.65,82.675,82.547
02/07/2023,82.638,N/A,82.86,82.87,82.602
02/06/2023,82.737,N/A,82.74,82.802,82.64
02/03/2023,82.233,N/A,82.039,82.315,81.754
02/02/2023,82.21,N/A,82.039,82.235,82.044
02/01/2023,81.775,N/A,81.73,81.861,81.685
01/31/2023,81.808,N/A,81.739,81.842,81.746
01/30/2023,81.67,N/A,81.52,81.69,81.525
01/27/2023,81.515,N/A,81.418,81.677,81.445
01/26/2023,81.619,N/A,81.418,81.677,81.445
01/25/2023,81.513,N/A,81.491,81.57,81.453
01/24/2023,81.545,N/A,81.594,81.679,81.477
01/23/2023,81.668,N/A,81.478,81.697,81.423
01/22/2023,81.078,N/A,80.979,81.092,80.884
01/20/2023,80.987,N/A,81.24,81.305,80.983
01/19/2023,81.24,N/A,81.24,81.305,81.119
01/18/2023,81.312,N/A,81.44,81.448,81.207
01/17/2023,81.74,N/A,81.63,81.827,81.635
01/16/2023,81.787,N/A,81.628,81.886,81.656
01/15/2023,81.321,N/A,81.28,81.336,81.197
01/13/2023,81.28,N/A,81.10,81.522,81.11
01/12/2023,81.43,N/A,81.10,81.445,81.11
01/11/2023,81.666,N/A,81.637,81.685,81.577
01/10/2023,81.778,N/A,81.602,81.817,81.573
01/09/2023,82.222,N/A,82.17,82.312,82.145
01/08/2023,82.309,N/A,82.27,82.385,82.179
01/06/2023,82.275,N/A,82.568,82.785,82.275
01/05/2023,82.60,N/A,82.568,82.632,82.457
01/04/2023,82.792,N/A,82.641,82.808,82.667
01/03/2023,82.837,N/A,82.774,82.874,82.778
01/02/2023,82.737,N/A,82.745,82.772,82.663
01/01/2023,82.59,N/A,82.717,82.744,82.565
12/30/2022,82.748,N/A,82.758,82.825,82.539
12/29/2022,82.767,N/A,82.758,82.825,82.69
12/28/2022,82.803,N/A,82.736,82.854,82.754
12/27/2022,82.858,N/A,82.83,82.87,82.787
12/26/2022,82.738,N/A,82.65,82.76,82.655
12/25/2022,82.822,N/A,82.78,82.839,82.775
12/23/2022,82.79,N/A,82.96,82.985,82.751
12/22/2022,82.845,N/A,82.96,82.985,82.751
12/21/2022,82.743,N/A,82.88,82.885,82.671
12/20/2022,82.689,N/A,82.60,82.776,82.61
12/19/2022,82.775,N/A,82.649,82.796,82.582
12/18/2022,82.726,N/A,82.706,82.825,82.707
12/16/2022,82.733,N/A,82.843,82.895,82.626
12/15/2022,82.854,N/A,82.843,82.865,82.736
12/14/2022,82.629,N/A,82.474,82.668,82.495
12/13/2022,82.648,N/A,82.375,82.715,82.402
12/12/2022,82.675,N/A,82.634,82.759,82.615
12/11/2022,82.625,N/A,82.41,82.656,82.42
12/09/2022,82.42,N/A,82.28,82.507,82.086
12/08/2022,82.195,N/A,82.28,82.338,82.142
12/07/2022,82.32,N/A,82.204,82.375,82.216
12/06/2022,82.493,N/A,82.48,82.775,82.417
12/05/2022,82.282,N/A,81.89,82.345,81.90
12/04/2022,81.442,N/A,81.41,81.445,81.20
12/02/2022,81.438,N/A,81.12,81.527,81.084
12/01/2022,81.175,N/A,81.12,81.187,81.084
11/30/2022,81.124,N/A,81.359,81.374,80.985
11/29/2022,81.618,N/A,81.616,81.65,81.555
11/28/2022,81.61,N/A,81.64,81.67,81.549
11/27/2022,81.733,N/A,81.685,81.838,81.673
11/25/2022,81.713,N/A,81.613,81.747,81.442
11/24/2022,81.519,N/A,81.613,81.689,81.467
11/23/2022,81.705,N/A,81.604,81.755,81.614
11/22/2022,81.767,N/A,81.714,81.83,81.716
11/21/2022,81.747,N/A,81.699,81.777,81.645
11/18/2022,81.644,N/A,81.51,81.788,81.519
11/17/2022,81.525,N/A,81.51,81.54,81.525
11/16/2022,81.495,N/A,81.061,81.574,81.091
11/15/2022,81.483,N/A,81.061,81.574,81.091
11/14/2022,81.358,N/A,80.965,81.448,80.992
11/13/2022,81.075,N/A,80.477,81.13,80.505
11/11/2022,80.505,N/A,80.63,80.991,80.483
11/10/2022,80.815,N/A,80.63,80.909,80.535
11/09/2022,81.596,N/A,81.335,81.665,81.355
11/08/2022,81.565,N/A,81.37,81.612,81.304
11/07/2022,81.962,N/A,81.804,81.965,81.832
11/06/2022,82.149,N/A,81.962,82.261,81.982
11/04/2022,81.976,N/A,82.731,82.74,81.97
11/03/2022,82.681,N/A,82.731,82.74,82.59
11/02/2022,82.865,N/A,82.712,82.925,82.74
11/01/2022,82.667,N/A,82.65,82.714,82.609
10/31/2022,82.78,N/A,82.77,82.825,82.692
10/30/2022,82.341,N/A,82.261,82.415,82.269
10/28/2022,82.268,N/A,82.368,82.507,82.268
10/27/2022,82.32,N/A,82.368,82.423,82.295
10/26/2022,82.272,N/A,81.901,82.272,81.928
10/25/2022,82.445,N/A,82.515,82.538,82.445
10/24/2022,82.63,N/A,82.744,82.761,82.60
10/21/2022,82.546,N/A,82.82,83.096,82.546
10/20/2022,82.82,N/A,82.82,82.918,82.789
10/19/2022,83.037,N/A,83.013,83.08,82.955
10/18/2022,82.335,N/A,82.291,82.355,82.29
10/17/2022,82.127,N/A,82.171,82.242,82.113
10/16/2022,82.349,N/A,82.34,82.413,82.31
10/14/2022,82.367,N/A,82.172,82.446,82.118
10/13/2022,82.167,N/A,82.172,82.285,82.14
10/12/2022,82.29,N/A,82.159,82.345,82.176
10/11/2022,82.314,N/A,82.256,82.35,82.267
10/10/2022,82.385,N/A,82.37,82.502,82.326
10/09/2022,82.495,N/A,82.82,82.832,82.475
10/07/2022,82.832,N/A,82.06,82.832,82.088
10/06/2022,82.225,N/A,82.06,82.356,82.088
10/05/2022,81.648,N/A,81.631,81.663,81.486
10/04/2022,81.466,N/A,81.451,81.525,81.457
10/03/2022,81.512,N/A,81.494,81.685,81.469
10/02/2022,81.792,N/A,81.509,81.795,81.511
09/30/2022,81.522,N/A,81.461,81.72,81.155
09/29/2022,81.528,N/A,81.461,81.72,81.478
09/28/2022,81.6604,N/A,81.6604,81.808,81.332
09/27/2022,81.8208,N/A,81.8208,81.946,81.709
09/26/2022,81.36,N/A,81.36,81.631,81.358
09/25/2022,81.4625,N/A,81.4625,81.525,81.23
09/23/2022,81.2364,N/A,81.2364,81.483,80.777
09/22/2022,81.1094,N/A,81.1094,81.27,80.992
09/21/2022,80.3954,N/A,80.3954,80.449,79.937
09/20/2022,79.807,N/A,79.807,80.037,79.685
09/19/2022,79.6705,N/A,79.6705,79.888,79.607
09/18/2022,79.7002,N/A,79.7002,79.958,79.65
09/16/2022,79.6896,N/A,79.6896,80.014,79.344
09/15/2022,79.8115,N/A,79.8115,80.014,79.787
09/14/2022,79.4865,N/A,79.4865,79.74,79.451
09/13/2022,79.5775,N/A,79.5775,79.831,79.525
09/12/2022,79.3125,N/A,79.3125,79.583,79.287
09/11/2022,79.667,N/A,79.667,79.788,79.574
09/09/2022,79.6714,N/A,79.6714,79.938,79.452
09/08/2022,79.6405,N/A,79.6405,79.938,79.599
09/07/2022,79.7225,N/A,79.7225,79.98,79.63
09/06/2022,79.8935,N/A,79.8935,80.133,79.83
09/05/2022,79.8277,N/A,79.8277,80.055,79.728
09/04/2022,79.8243,N/A,79.8243,79.95,79.712
09/02/2022,79.7223,N/A,79.7223,80.102,79.613
09/01/2022,79.6815,N/A,79.6815,79.73,79.614
08/31/2022,79.6521,N/A,79.6521,79.838,79.487
08/30/2022,79.545,N/A,79.545,79.707,79.507
08/29/2022,79.886,N/A,79.886,80.216,79.873
08/28/2022,79.9905,N/A,79.9905,80.207,79.955
08/26/2022,79.9593,N/A,79.9593,80.134,79.716
08/25/2022,79.8215,N/A,79.8215,80.023,79.731
08/24/2022,79.8165,N/A,79.8165,80.023,79.731
08/23/2022,79.8438,N/A,79.8438,79.885,79.796
08/22/2022,79.8735,N/A,79.8735,79.91,79.646
08/19/2022,79.918,N/A,79.918,80.138,79.695
08/18/2022,79.7326,N/A,79.7326,80.002,79.695
08/17/2022,79.6436,N/A,79.6436,79.685,79.343
08/16/2022,79.3065,N/A,79.3065,79.435,79.145
08/15/2022,79.5755,N/A,79.5755,79.802,79.511
08/14/2022,79.655,N/A,79.655,79.696,79.565
08/12/2022,79.6289,N/A,79.6289,79.948,79.547
08/11/2022,79.6425,N/A,79.6425,79.871,79.585
08/10/2022,79.285,N/A,79.285,79.354,79.066
08/09/2022,79.5365,N/A,79.5365,79.842,79.518
08/08/2022,79.4759,N/A,79.4759,79.602,79.474
08/07/2022,79.4831,N/A,79.4831,79.67,79.366
08/05/2022,79.6475,N/A,79.6475,79.648,78.912
08/04/2022,79.0045,N/A,79.0045,79.467,78.912
08/03/2022,79.3985,N/A,79.3985,79.439,79.049
08/02/2022,78.7569,N/A,78.7569,78.897,78.581
08/01/2022,78.9379,N/A,78.9379,79.193,78.922
07/31/2022,79.1633,N/A,79.1633,79.43,79.115
07/29/2022,79.195,N/A,79.195,79.75,79.176
07/28/2022,79.4146,N/A,79.4146,79.75,79.382
07/27/2022,79.8275,N/A,79.8275,80.058,79.68
07/26/2022,79.8695,N/A,79.8695,80.074,79.779
07/25/2022,79.7798,N/A,79.7798,79.79,79.706
07/24/2022,79.8475,N/A,79.8475,80.145,79.781
07/22/2022,79.877,N/A,79.877,80.143,79.763
07/21/2022,79.8952,N/A,79.8952,80.143,79.763
07/20/2022,79.9996,N/A,79.9996,80.296,79.962
07/19/2022,79.935,N/A,79.935,80.172,79.847
07/18/2022,79.926,N/A,79.926,80.249,79.864
07/17/2022,79.7695,N/A,79.7695,80.075,79.714
07/15/2022,79.7206,N/A,79.7206,80.147,79.703
07/14/2022,79.9365,N/A,79.9365,80.147,79.854
07/13/2022,79.7655,N/A,79.7655,79.808,79.649
07/12/2022,79.5795,N/A,79.5795,79.758,79.466
07/11/2022,79.5522,N/A,79.5522,79.595,79.436
07/10/2022,79.3148,N/A,79.3148,79.356,79.118
07/08/2022,79.3325,N/A,79.3325,79.426,79.138
07/07/2022,79.2265,N/A,79.2265,79.248,79.138
07/06/2022,78.9545,N/A,78.9545,79.106,78.885
07/05/2022,79.2305,N/A,79.2305,79.41,79.155
07/01/2022,78.9509,N/A,78.9509,79.217,78.677
06/30/2022,79.1065,N/A,79.1065,79.217,78.948
06/29/2022,78.9286,N/A,78.9286,79.129,78.874
06/28/2022,78.952,N/A,78.952,79.091,78.773
06/27/2022,78.5295,N/A,78.5295,78.578,78.437
06/26/2022,78.2993,N/A,78.2993,78.465,78.202
06/24/2022,78.2525,N/A,78.2525,78.372,78.125
06/23/2022,78.2187,N/A,78.2187,78.372,78.125
06/22/2022,78.2446,N/A,78.2446,78.479,78.167
06/21/2022,78.14,N/A,78.14,78.407,78.061
06/20/2022,78.0105,N/A,78.0105,78.214,77.92
06/19/2022,77.9162,N/A,77.9162,78.245,77.895
06/17/2022,77.9617,N/A,77.9617,78.247,77.938
06/16/2022,78.034,N/A,78.034,78.247,77.953
06/15/2022,78.0343,N/A,78.0343,78.265,77.894
06/14/2022,77.9945,N/A,77.9945,78.273,77.945
06/13/2022,78.017,N/A,78.017,78.364,78.008
06/12/2022,78.2025,N/A,78.2025,78.407,78.142
06/10/2022,78.1778,N/A,78.1778,78.199,77.763
06/09/2022,77.815,N/A,77.815,78.074,77.763
06/08/2022,77.7321,N/A,77.7321,78.024,77.677
06/07/2022,77.6775,N/A,77.6775,77.95,77.625
06/06/2022,77.7075,N/A,77.7075,78.066,77.635
06/05/2022,77.6403,N/A,77.6403,77.893,77.596
06/03/2022,77.6943,N/A,77.6943,77.736,77.371
06/02/2022,77.4825,N/A,77.4825,77.68,77.371
06/01/2022,77.6075,N/A,77.6075,77.87,77.556
05/31/2022,77.6011,N/A,77.6011,77.942,77.561
05/30/2022,77.5385,N/A,77.5385,77.87,77.477
05/29/2022,77.487,N/A,77.487,77.87,77.481
05/27/2022,77.6922,N/A,77.6922,77.90,77.507
05/26/2022,77.6175,N/A,77.6175,77.90,77.537
05/25/2022,77.5209,N/A,77.5209,77.745,77.453
05/24/2022,77.5215,N/A,77.5215,77.77,77.476
05/23/2022,77.5566,N/A,77.5566,77.598,77.502
05/22/2022,77.6715,N/A,77.6715,77.974,77.649
05/20/2022,77.8186,N/A,77.8186,78.123,77.388
05/19/2022,77.5285,N/A,77.5285,77.655,77.388
05/18/2022,77.675,N/A,77.675,78.04,77.656
05/17/2022,77.5002,N/A,77.5002,77.626,77.351
05/16/2022,77.7026,N/A,77.7026,78.024,77.656
05/15/2022,77.6525,N/A,77.6525,77.653,77.481
05/13/2022,77.4865,N/A,77.4865,77.704,77.261
05/12/2022,77.2775,N/A,77.2775,77.624,77.277
05/11/2022,77.5391,N/A,77.5391,77.585,77.326
05/10/2022,77.1933,N/A,77.1933,77.575,77.144
05/09/2022,77.2425,N/A,77.2425,77.457,77.22
05/08/2022,77.439,N/A,77.439,77.447,76.955
05/06/2022,76.9541,N/A,76.9541,77.07,76.507
05/05/2022,76.624,N/A,76.624,76.799,76.507
05/04/2022,76.1325,N/A,76.1325,76.354,75.995
05/03/2022,76.4321,N/A,76.4321,76.508,76.406
05/02/2022,76.4705,N/A,76.4705,76.767,76.465
05/01/2022,76.4723,N/A,76.4723,76.599,76.444
04/29/2022,76.5233,N/A,76.5233,76.883,76.272
04/28/2022,76.5765,N/A,76.5765,76.883,76.538
04/27/2022,76.6215,N/A,76.6215,76.789,76.462
04/26/2022,76.6966,N/A,76.6966,77.073,76.668
04/25/2022,76.5096,N/A,76.5096,76.858,76.448
04/24/2022,76.6192,N/A,76.6192,76.807,76.464
04/22/2022,76.4637,N/A,76.4637,76.763,76.187
04/21/2022,76.3003,N/A,76.3003,76.538,76.189
04/20/2022,76.3075,N/A,76.3075,76.324,76.183
04/19/2022,76.3486,N/A,76.3486,76.71,76.298
04/18/2022,76.337,N/A,76.337,76.534,76.249
04/15/2022,76.3316,N/A,76.3316,76.60,76.268
04/14/2022,76.2961,N/A,76.2961,76.312,76.292
04/13/2022,76.1405,N/A,76.1405,76.404,76.103
04/12/2022,76.0955,N/A,76.0955,76.155,76.00
04/11/2022,75.967,N/A,75.967,75.98,75.834
04/10/2022,75.9825,N/A,75.9825,76.14,75.835
04/08/2022,75.9175,N/A,75.9175,76.228,75.705
04/07/2022,75.965,N/A,75.965,75.995,75.911
04/06/2022,75.858,N/A,75.858,76.20,75.858
04/05/2022,75.4381,N/A,75.4381,75.688,75.408
04/04/2022,75.3915,N/A,75.3915,75.513,75.368
04/03/2022,75.8026,N/A,75.8026,75.997,75.802
04/01/2022,75.9536,N/A,75.9536,76.157,75.648
03/31/2022,75.9283,N/A,75.9283,76.059,75.648
03/30/2022,75.65,N/A,75.65,76.059,75.65
03/29/2022,75.68,N/A,75.68,75.739,75.584
03/28/2022,75.967,N/A,75.967,76.362,75.95
03/27/2022,76.3054,N/A,76.3054,76.685,76.279
03/25/2022,76.2746,N/A,76.2746,76.675,76.126
03/24/2022,76.21,N/A,76.21,76.675,76.207
03/23/2022,76.454,N/A,76.454,76.897,76.454
03/22/2022,76.0865,N/A,76.0865,76.46,76.079
03/21/2022,76.3846,N/A,76.3846,76.74,76.285
03/20/2022,76.024,N/A,76.024,76.375,75.947
03/18/2022,75.9681,N/A,75.9681,76.216,75.938
03/17/2022,76.0625,N/A,76.0625,76.121,75.938
03/16/2022,76.0575,N/A,76.0575,76.449,75.973
03/15/2022,76.4255,N/A,76.4255,76.694,76.253
03/14/2022,76.4231,N/A,76.4231,77.074,76.40
03/13/2022,76.643,N/A,76.643,76.77,76.51
03/11/2022,76.7592,N/A,76.7592,76.865,76.251
03/10/2022,76.298,N/A,76.298,76.80,76.251
03/09/2022,76.248,N/A,76.248,76.423,76.109
03/08/2022,76.816,N/A,76.816,77.365,76.794
03/07/2022,76.7525,N/A,76.7525,77.449,76.736
03/06/2022,76.84,N/A,76.84,77.051,76.421
03/03/2022,75.8919,N/A,75.8919,75.971,75.886
03/02/2022,75.6471,N/A,75.6471,75.946,75.558
03/01/2022,75.6465,N/A,75.6465,76.20,75.616
02/28/2022,75.3018,N/A,75.3018,75.69,75.26
02/27/2022,75.6685,N/A,75.6685,75.842,75.055
02/25/2022,75.0554,N/A,75.0554,75.875,74.991
02/24/2022,75.2871,N/A,75.2871,75.875,75.267
02/23/2022,75.0355,N/A,75.0355,75.198,74.615
02/22/2022,74.671,N/A,74.671,74.894,74.624
02/21/2022,74.7932,N/A,74.7932,74.863,74.524
02/20/2022,74.4526,N/A,74.4526,74.687,74.426
02/18/2022,74.6844,N/A,74.6844,75.35,74.48
02/17/2022,74.994,N/A,74.994,75.35,74.983
02/16/2022,75.1551,N/A,75.1551,75.238,74.95
02/15/2022,75.1915,N/A,75.1915,75.423,75.152
02/14/2022,75.6869,N/A,75.6869,75.842,75.537
02/13/2022,75.5535,N/A,75.5535,75.652,75.349
02/11/2022,75.6431,N/A,75.6431,75.781,75.102
02/10/2022,75.41,N/A,75.41,75.605,75.102
02/09/2022,74.9964,N/A,74.9964,75.055,74.789
02/08/2022,74.769,N/A,74.769,75.005,74.631
02/07/2022,74.6205,N/A,74.6205,74.834,74.587
02/06/2022,74.6765,N/A,74.6765,74.733,74.642
02/04/2022,74.6426,N/A,74.6426,74.943,74.595
02/03/2022,74.752,N/A,74.752,74.882,74.644
02/02/2022,74.8175,N/A,74.8175,75.035,74.773
02/01/2022,74.7575,N/A,74.7575,75.00,74.677
01/31/2022,74.4466,N/A,74.4466,74.80,74.429
01/30/2022,74.9267,N/A,74.9267,75.348,74.917
01/28/2022,75.0015,N/A,75.0015,75.48,74.877
01/27/2022,75.0437,N/A,75.0437,75.48,75.02
01/26/2022,75.195,N/A,75.195,75.325,74.902
01/25/2022,74.7835,N/A,74.7835,74.835,74.564
01/24/2022,74.6635,N/A,74.6635,74.835,74.564
01/23/2022,74.492,N/A,74.492,74.66,74.318
01/21/2022,74.4205,N/A,74.4205,74.80,74.289
01/20/2022,74.521,N/A,74.521,74.80,74.416
01/19/2022,74.3302,N/A,74.3302,74.79,74.298
01/18/2022,74.6595,N/A,74.6595,74.835,74.566
01/17/2022,74.3868,N/A,74.3868,74.518,74.19
01/16/2022,74.161,N/A,74.161,74.386,74.13
01/14/2022,74.3865,N/A,74.3865,74.387,73.89
01/13/2022,74.0725,N/A,74.0725,74.185,73.89
01/12/2022,73.9395,N/A,73.9395,74.066,73.761
01/11/2022,73.908,N/A,73.908,73.921,73.728
01/10/2022,73.9205,N/A,73.9205,74.268,73.915
01/07/2022,74.4675,N/A,74.4675,74.67,74.155
01/06/2022,74.2965,N/A,74.2965,74.67,74.297
01/05/2022,74.3605,N/A,74.3605,74.718,74.285
01/04/2022,74.515,N/A,74.501,74.622,74.465
01/03/2022,74.519,N/A,74.373,74.546,74.375
01/02/2022,74.458,N/A,74.467,74.486,74.312
12/31/2021,74.483,N/A,74.40,74.531,74.098
12/30/2021,74.346,N/A,74.40,74.456,74.335
12/29/2021,74.59,N/A,74.56,74.622,74.50
12/28/2021,74.709,N/A,74.70,74.784,74.65
12/27/2021,74.895,N/A,74.96,74.997,74.876
12/26/2021,75.053,N/A,74.975,75.172,75.004
12/24/2021,75.004,N/A,75.02,75.202,74.976
12/23/2021,75.127,N/A,75.02,75.185,75.035
12/22/2021,75.411,N/A,75.44,75.495,75.395
12/21/2021,75.495,N/A,75.69,75.705,75.479
12/20/2021,75.688,N/A,75.72,75.795,75.681
12/17/2021,76.006,N/A,76.156,76.286,75.951
12/16/2021,76.216,N/A,76.156,76.286,76.158
12/15/2021,76.24,N/A,76.34,76.355,76.173
12/14/2021,76.057,N/A,76.04,76.11,76.038
12/13/2021,75.917,N/A,75.76,75.96,75.769
12/12/2021,75.67,N/A,75.692,75.717,75.575
12/10/2021,75.718,N/A,75.583,75.864,75.58
12/09/2021,75.68,N/A,75.583,75.705,75.58
12/08/2021,75.528,N/A,75.358,75.533,75.384
12/07/2021,75.447,N/A,75.391,75.52,75.30
12/06/2021,75.271,N/A,75.39,75.395,75.259
12/05/2021,75.238,N/A,75.224,75.265,75.185
12/03/2021,75.241,N/A,74.972,75.349,74.936
12/02/2021,74.975,N/A,74.972,75.035,74.966
12/01/2021,74.995,N/A,75.004,75.085,74.965
11/30/2021,74.855,N/A,75.09,75.10,74.848
11/29/2021,74.867,N/A,75.033,75.055,74.85
11/28/2021,74.865,N/A,75.04,75.065,74.791
11/26/2021,75.065,N/A,74.475,75.085,74.502
11/25/2021,74.631,N/A,74.475,74.636,74.502
11/24/2021,74.522,N/A,74.605,74.625,74.493
11/23/2021,74.493,N/A,74.43,74.546,74.426
11/22/2021,74.543,N/A,74.428,74.558,74.415
11/21/2021,74.325,N/A,74.333,74.378,74.286
11/19/2021,74.35,N/A,74.16,74.385,74.165
11/18/2021,74.225,N/A,74.16,74.228,74.165
11/17/2021,74.203,N/A,74.238,74.316,74.144
11/16/2021,74.445,N/A,74.452,74.53,74.415
11/15/2021,74.468,N/A,74.375,74.535,74.361
11/14/2021,74.375,N/A,74.342,74.42,74.335
11/12/2021,74.347,N/A,74.296,74.543,74.301
11/11/2021,74.3955,N/A,74.3955,74.415,74.301
11/10/2021,74.525,N/A,74.398,74.543,74.394
11/09/2021,74.102,N/A,74.17,74.177,74.064
11/08/2021,73.938,N/A,73.904,73.975,73.863
11/07/2021,74.199,N/A,74.174,74.283,74.184
11/05/2021,74.191,N/A,74.543,74.57,74.171
11/04/2021,74.472,N/A,74.543,74.57,74.452
11/03/2021,74.515,N/A,74.447,74.54,74.37
11/02/2021,74.655,N/A,74.69,74.745,74.625
11/01/2021,74.87,N/A,74.832,74.91,74.821
10/31/2021,74.977,N/A,74.915,75.005,74.92
10/29/2021,74.935,N/A,74.783,75.034,74.74
10/28/2021,74.805,N/A,74.783,74.837,74.74
10/27/2021,74.965,N/A,75.064,75.135,74.955
10/26/2021,75.019,N/A,74.937,75.04,74.889
10/25/2021,75.023,N/A,75.017,75.092,74.995
10/24/2021,74.90,N/A,74.994,74.999,74.887
10/22/2021,74.999,N/A,74.869,75.004,74.672
10/21/2021,74.828,N/A,74.869,74.892,74.812
10/20/2021,74.825,N/A,74.79,74.868,74.79
10/19/2021,75.12,N/A,75.191,75.275,74.877
10/18/2021,75.018,N/A,75.191,75.275,75.007
10/17/2021,75.209,N/A,75.013,75.269,75.03
10/15/2021,75.03,N/A,74.975,75.07,74.885
10/14/2021,74.99,N/A,74.975,75.06,74.975
10/13/2021,75.293,N/A,75.287,75.32,75.235
10/12/2021,75.405,N/A,75.468,75.503,75.345
10/11/2021,75.451,N/A,75.383,75.495,75.402
10/10/2021,75.10,N/A,75.112,75.152,75.07
10/08/2021,75.131,N/A,74.805,75.183,74.825
10/07/2021,74.937,N/A,74.805,74.983,74.825
10/06/2021,74.808,N/A,74.758,74.853,74.752
10/05/2021,74.578,N/A,74.54,74.603,74.53
10/04/2021,74.58,N/A,74.568,74.613,74.525
10/03/2021,74.178,N/A,74.13,74.218,74.132
10/01/2021,74.155,N/A,74.164,74.369,74.088
09/30/2021,74.295,N/A,74.164,74.31,74.17
09/29/2021,74.254,N/A,74.276,74.354,74.206
09/28/2021,74.188,N/A,74.19,74.207,74.10
09/27/2021,73.671,N/A,73.813,73.821,73.61
09/26/2021,73.737,N/A,73.813,73.821,73.69
09/24/2021,73.821,N/A,73.80,73.876,73.618
09/23/2021,73.788,N/A,73.80,73.845,73.745
09/22/2021,73.843,N/A,73.80,73.907,73.825
09/21/2021,73.703,N/A,73.74,73.767,73.675
09/20/2021,73.588,N/A,73.646,73.663,73.585
09/19/2021,73.814,N/A,73.64,73.847,73.645
09/17/2021,73.645,N/A,73.57,73.659,73.413
09/16/2021,73.507,N/A,73.57,73.579,73.507
09/15/2021,73.53,N/A,73.44,73.545,73.445
09/14/2021,73.683,N/A,73.64,73.713,73.624
09/13/2021,73.632,N/A,73.56,73.66,73.526
09/12/2021,73.593,N/A,73.517,73.615,73.524
09/10/2021,73.524,N/A,73.52,73.577,73.382
09/09/2021,73.495,N/A,73.52,73.577,73.489
09/08/2021,73.755,N/A,73.769,73.796,73.715
09/07/2021,73.508,N/A,73.44,73.545,73.391
09/06/2021,73.081,N/A,73.073,73.11,73.067
09/03/2021,72.997,N/A,72.993,73.155,72.935
09/02/2021,73.07,N/A,72.993,73.115,73.006
09/01/2021,73.047,N/A,72.99,73.07,72.982
08/31/2021,73.004,N/A,72.947,73.059,72.951
08/30/2021,73.235,N/A,73.292,73.421,73.228
08/29/2021,73.507,N/A,73.47,74.155,73.451
08/27/2021,73.475,N/A,74.15,74.207,73.455
08/26/2021,74.215,N/A,74.11,74.275,74.10
08/25/2021,74.209,N/A,74.11,74.213,74.10
08/24/2021,74.179,N/A,74.133,74.202,74.136
08/23/2021,74.117,N/A,74.12,74.137,74.095
08/22/2021,74.246,N/A,74.347,74.352,74.239
08/20/2021,74.352,N/A,74.37,74.48,74.325
08/19/2021,74.40,N/A,74.37,74.465,74.38
08/18/2021,74.386,N/A,74.28,74.407,74.267
08/17/2021,74.32,N/A,74.37,74.375,74.311
08/16/2021,74.239,N/A,74.16,74.239,74.135
08/15/2021,74.279,N/A,74.239,74.279,74.219
08/13/2021,74.242,N/A,74.31,74.326,74.24
08/12/2021,74.279,N/A,74.31,74.315,74.262
08/11/2021,74.225,N/A,74.253,74.27,74.10
08/10/2021,74.435,N/A,74.43,74.45,74.393
08/09/2021,74.386,N/A,74.48,74.488,74.386
08/08/2021,74.222,N/A,74.24,74.264,74.213
08/06/2021,74.242,N/A,74.098,74.242,74.048
08/05/2021,74.109,N/A,74.098,74.132,74.082
08/04/2021,74.18,N/A,74.149,74.217,74.094
08/03/2021,74.192,N/A,74.249,74.255,74.169
08/02/2021,74.335,N/A,74.354,74.36,74.32
08/01/2021,74.416,N/A,74.337,74.418,74.343
07/30/2021,74.344,N/A,74.245,74.45,74.245
07/29/2021,74.311,N/A,74.245,74.323,74.245
07/28/2021,74.30,N/A,74.49,74.50,74.279
07/27/2021,74.474,N/A,74.498,74.546,74.445
07/26/2021,74.363,N/A,74.33,74.37,74.275
07/25/2021,74.504,N/A,74.425,74.53,74.427
07/23/2021,74.427,N/A,74.45,74.578,74.375
07/22/2021,74.487,N/A,74.45,74.516,74.451
07/21/2021,74.425,N/A,74.486,74.508,74.425
07/20/2021,74.601,N/A,74.53,74.615,74.527
07/19/2021,74.927,N/A,74.851,74.968,74.858
07/18/2021,74.748,N/A,74.606,74.765,74.61
07/16/2021,74.61,N/A,74.54,74.665,74.509
07/15/2021,74.553,N/A,74.54,74.571,74.516
07/14/2021,74.50,N/A,74.46,74.555,74.454
07/13/2021,74.572,N/A,74.59,74.672,74.555
07/12/2021,74.501,N/A,74.53,74.557,74.485
07/11/2021,74.488,N/A,74.485,74.552,74.463
07/09/2021,74.487,N/A,74.73,74.78,74.47
07/08/2021,74.713,N/A,74.73,74.78,74.695
07/07/2021,74.782,N/A,74.79,74.825,74.76
07/06/2021,74.666,N/A,74.582,74.771,74.591
07/05/2021,74.318,N/A,74.288,74.359,74.297
07/04/2021,74.527,N/A,74.512,74.558,74.48
07/02/2021,74.518,N/A,74.56,74.885,74.504
07/01/2021,74.627,N/A,74.56,74.675,74.55
06/30/2021,74.393,N/A,74.36,74.433,74.352
06/29/2021,74.246,N/A,74.29,74.30,74.215
06/28/2021,74.30,N/A,74.27,74.322,74.251
06/27/2021,74.22,N/A,74.21,74.225,74.183
06/25/2021,74.22,N/A,74.18,74.25,74.114
06/24/2021,74.17,N/A,74.18,74.19,74.138
06/23/2021,74.217,N/A,74.14,74.239,74.15
06/22/2021,74.328,N/A,74.33,74.352,74.29
06/21/2021,74.192,N/A,74.13,74.198,74.08
06/20/2021,74.285,N/A,74.10,74.328,74.094
06/18/2021,74.12,N/A,74.162,74.283,73.805
06/17/2021,74.083,N/A,74.162,74.203,74.07
06/16/2021,73.674,N/A,73.27,73.685,73.275
06/15/2021,73.359,N/A,73.35,73.383,73.313
06/14/2021,73.202,N/A,73.18,73.228,73.185
06/13/2021,73.25,N/A,73.24,73.294,73.237
06/11/2021,73.245,N/A,73.07,73.265,72.898
06/10/2021,72.942,N/A,73.07,73.08,72.898
06/09/2021,72.974,N/A,72.98,73.002,72.948
06/08/2021,72.897,N/A,72.95,72.955,72.897
06/07/2021,72.822,N/A,72.786,72.859,72.769
06/06/2021,72.904,N/A,72.86,72.926,72.87
06/04/2021,72.87,N/A,73.04,73.123,72.821
06/03/2021,73.07,N/A,73.04,73.09,73.01
06/02/2021,73.095,N/A,72.95,73.103,72.96
06/01/2021,73.03,N/A,72.86,73.03,72.855
05/31/2021,72.515,N/A,72.511,72.58,72.494
05/30/2021,72.422,N/A,72.40,72.445,72.395
05/28/2021,72.42,N/A,72.70,72.71,72.315
05/27/2021,72.572,N/A,72.70,72.71,72.558
05/26/2021,72.77,N/A,72.72,72.79,72.704
05/25/2021,72.754,N/A,72.79,72.805,72.752
05/24/2021,72.87,N/A,72.83,72.877,72.834
05/23/2021,72.832,N/A,72.817,72.885,72.828
05/21/2021,72.827,N/A,73.01,73.09,72.756
05/20/2021,73.038,N/A,73.01,73.038,72.98
05/19/2021,73.158,N/A,73.21,73.225,73.154
05/18/2021,73.058,N/A,73.05,73.139,73.054
05/17/2021,73.214,N/A,73.33,73.335,73.209
05/16/2021,73.281,N/A,73.29,73.309,73.269
05/14/2021,73.30,N/A,73.47,73.48,73.188
05/13/2021,73.452,N/A,73.47,73.48,73.442
05/12/2021,73.632,N/A,73.53,73.654,73.538
05/11/2021,73.482,N/A,73.37,73.484,73.375
05/10/2021,73.507,N/A,73.45,73.537,73.46
05/09/2021,73.313,N/A,73.252,73.36,73.254
05/07/2021,73.254,N/A,73.60,73.757,73.254
05/06/2021,73.575,N/A,73.60,73.675,73.558
05/05/2021,73.838,N/A,73.80,73.897,73.797
05/04/2021,73.834,N/A,73.81,73.976,73.765
05/03/2021,73.91,N/A,73.81,73.925,73.82
05/02/2021,74.20,N/A,74.05,74.284,74.055
04/30/2021,74.055,N/A,74.09,74.216,73.948
04/29/2021,74.185,N/A,74.09,74.216,74.10
04/28/2021,74.262,N/A,74.489,74.493,74.19
04/27/2021,74.538,N/A,74.58,74.63,74.51
04/26/2021,74.727,N/A,74.73,74.835,74.72
04/25/2021,74.794,N/A,74.92,74.93,74.75
04/23/2021,74.965,N/A,75.11,75.126,74.755
04/22/2021,75.03,N/A,75.11,75.126,75.02
04/21/2021,75.32,N/A,75.421,75.439,75.303
04/20/2021,75.36,N/A,75.38,75.395,75.305
04/19/2021,74.537,N/A,74.85,74.86,74.537
04/18/2021,74.65,N/A,74.53,74.683,74.54
04/16/2021,74.54,N/A,74.72,74.854,74.287
04/15/2021,74.792,N/A,74.72,74.854,74.695
04/14/2021,75.262,N/A,75.05,75.288,75.002
04/13/2021,75.202,N/A,75.26,75.27,75.102
04/12/2021,75.053,N/A,74.98,75.063,74.977
04/11/2021,74.975,N/A,74.722,75.029,74.734
04/09/2021,74.734,N/A,74.572,74.981,74.53
04/08/2021,74.642,N/A,74.572,74.681,74.576
04/07/2021,74.305,N/A,74.352,74.477,74.279
04/06/2021,73.513,N/A,73.486,73.56,73.44
04/05/2021,73.273,N/A,73.294,73.319,73.26
04/04/2021,73.359,N/A,73.37,73.402,73.327
04/02/2021,73.39,N/A,73.323,73.40,73.255
04/01/2021,73.332,N/A,73.332,73.332,73.332
03/31/2021,73.22,N/A,73.137,73.618,73.05
03/30/2021,73.456,N/A,73.44,73.48,73.405
03/29/2021,72.782,N/A,72.748,72.82,72.738
03/28/2021,72.528,N/A,72.61,72.615,72.507
03/26/2021,72.615,N/A,72.66,72.665,72.362
03/25/2021,72.544,N/A,72.66,72.665,72.543
03/24/2021,72.653,N/A,72.59,72.655,72.59
03/23/2021,72.546,N/A,72.55,72.638,72.523
03/22/2021,72.395,N/A,72.37,72.44,72.379
03/21/2021,72.477,N/A,72.401,72.498,72.413
03/19/2021,72.413,N/A,72.69,72.732,72.413
03/18/2021,72.652,N/A,72.69,72.732,72.617
03/17/2021,72.408,N/A,72.557,72.57,72.323
03/16/2021,72.558,N/A,72.51,72.585,72.515
03/15/2021,72.466,N/A,72.53,72.566,72.466
03/14/2021,72.727,N/A,72.68,72.744,72.685
03/12/2021,72.70,N/A,72.69,72.871,72.625
03/11/2021,72.699,N/A,72.69,72.745,72.637
03/10/2021,72.779,N/A,72.72,72.779,72.699
03/09/2021,72.943,N/A,72.766,72.975,72.776
03/08/2021,73.135,N/A,73.35,73.386,73.08
03/07/2021,73.076,N/A,73.18,73.289,73.045
03/05/2021,73.19,N/A,72.733,73.218,72.739
03/04/2021,72.841,N/A,72.733,73.18,72.739
03/03/2021,72.889,N/A,72.93,73.109,72.85
03/02/2021,73.185,N/A,73.25,73.282,73.145
03/01/2021,73.345,N/A,73.396,73.532,73.317
02/28/2021,73.573,N/A,73.92,73.937,73.546
02/26/2021,73.937,N/A,72.736,74.06,72.745
02/25/2021,73.072,N/A,72.736,73.147,72.745
02/24/2021,72.365,N/A,72.38,72.412,72.282
02/23/2021,72.325,N/A,72.38,72.408,72.317
02/22/2021,72.347,N/A,72.44,72.465,72.328
02/21/2021,72.553,N/A,72.55,72.59,72.542
02/19/2021,72.555,N/A,72.58,72.733,72.418
02/18/2021,72.583,N/A,72.58,72.733,72.583
02/17/2021,72.75,N/A,72.815,72.837,72.731
02/16/2021,72.887,N/A,72.86,72.963,72.862
02/15/2021,72.665,N/A,72.618,72.678,72.605
02/14/2021,72.635,N/A,72.58,72.643,72.517
02/12/2021,72.595,N/A,72.70,72.83,72.56
02/11/2021,72.768,N/A,72.70,72.812,72.68
02/10/2021,72.795,N/A,72.79,72.844,72.788
02/09/2021,72.865,N/A,72.854,72.882,72.83
02/08/2021,72.873,N/A,72.93,72.951,72.83
02/07/2021,72.827,N/A,72.81,72.90,72.784
02/05/2021,72.82,N/A,72.95,73.031,72.775
02/04/2021,72.915,N/A,72.95,73.031,72.911
02/03/2021,72.924,N/A,72.81,72.978,72.815
02/02/2021,72.975,N/A,72.899,73.002,72.916
02/01/2021,73.035,N/A,73.11,73.12,73.005
01/31/2021,72.875,N/A,72.877,72.927,72.854
01/29/2021,72.935,N/A,72.931,73.035,72.814
01/28/2021,72.975,N/A,72.931,73.035,72.92
01/27/2021,73.139,N/A,73.06,73.163,73.014
01/26/2021,72.887,N/A,72.91,72.997,72.844
01/25/2021,73.031,N/A,72.96,73.031,72.912
01/24/2021,72.935,N/A,72.98,73.017,72.907
01/22/2021,72.985,N/A,72.96,73.106,72.925
01/21/2021,73.025,N/A,72.96,73.037,72.955
01/20/2021,72.96,N/A,72.91,73.007,72.896
01/19/2021,73.106,N/A,73.19,73.192,73.098
01/18/2021,73.155,N/A,73.181,73.197,73.123
01/17/2021,73.237,N/A,73.12,73.256,73.13
01/15/2021,73.13,N/A,73.07,73.21,72.99
01/14/2021,73.012,N/A,73.07,73.125,73.007
01/13/2021,73.132,N/A,73.16,73.237,73.105
01/12/2021,73.142,N/A,73.22,73.225,73.118
01/11/2021,73.435,N/A,73.456,73.494,73.382
01/10/2021,73.418,N/A,73.33,73.493,73.34
01/08/2021,73.34,N/A,73.42,73.507,73.203
01/07/2021,73.35,N/A,73.42,73.507,73.35
01/06/2021,73.108,N/A,73.118,73.175,73.065
01/05/2021,73.135,N/A,73.12,73.213,73.125
01/04/2021,73.135,N/A,73.07,73.177,72.981
01/03/2021,72.91,N/A,73.12,73.115,72.841
01/01/2021,73.0944,N/A,73.0944,73.32,73.022
12/31/2020,73.075,N/A,73.036,73.115,73.054
12/30/2020,73.118,N/A,73.127,73.243,73.115
12/29/2020,73.303,N/A,73.39,73.405,73.284
12/28/2020,73.40,N/A,73.546,73.548,73.388
12/27/2020,73.525,N/A,73.556,73.558,73.505
12/24/2020,73.558,N/A,73.54,73.558,73.555
12/23/2020,73.635,N/A,73.77,73.84,73.62
12/22/2020,73.852,N/A,73.851,73.905,73.84
12/21/2020,73.875,N/A,74.026,74.028,73.875
12/20/2020,73.675,N/A,73.57,73.755,73.575
12/18/2020,73.575,N/A,73.52,73.585,73.478
12/17/2020,73.545,N/A,73.52,73.567,73.515
12/16/2020,73.502,N/A,73.63,73.64,73.495
12/15/2020,73.515,N/A,73.556,73.567,73.46
12/14/2020,73.619,N/A,73.63,73.674,73.594
12/13/2020,73.60,N/A,73.736,73.738,73.573
12/11/2020,73.738,N/A,73.74,73.817,73.534
12/10/2020,73.637,N/A,73.74,73.745,73.629
12/09/2020,73.648,N/A,73.72,73.76,73.644
12/08/2020,73.592,N/A,73.72,73.725,73.532
12/07/2020,73.805,N/A,73.76,73.847,73.796
12/06/2020,73.745,N/A,73.757,73.805,73.706
12/04/2020,73.776,N/A,73.86,73.87,73.653
12/03/2020,73.765,N/A,73.86,73.87,73.765
12/02/2020,73.805,N/A,73.76,73.885,73.695
12/01/2020,73.501,N/A,73.482,73.555,73.402
11/30/2020,73.812,N/A,73.99,74.025,73.805
11/29/2020,73.97,N/A,73.933,74.002,73.915
11/27/2020,73.935,N/A,73.832,74.111,73.742
11/26/2020,73.772,N/A,73.832,73.837,73.769
11/25/2020,73.843,N/A,73.769,73.86,73.765
11/24/2020,73.985,N/A,74.078,74.079,73.949
11/23/2020,73.905,N/A,74.25,74.26,73.905
11/22/2020,74.15,N/A,74.11,74.175,74.062
11/20/2020,74.12,N/A,74.10,74.207,74.058
11/19/2020,74.165,N/A,74.10,74.185,74.11
11/18/2020,74.273,N/A,74.11,74.33,74.12
11/17/2020,74.493,N/A,74.47,74.525,74.44
11/16/2020,74.39,N/A,74.37,74.455,74.345
11/15/2020,74.525,N/A,74.561,74.59,74.46
11/13/2020,74.583,N/A,74.68,74.725,74.47
11/12/2020,74.647,N/A,74.68,74.685,74.615
11/11/2020,74.377,N/A,74.439,74.485,74.368
11/10/2020,74.252,N/A,74.28,74.29,74.169
11/09/2020,74.079,N/A,74.03,74.115,73.948
11/08/2020,73.906,N/A,73.974,73.995,73.852
11/06/2020,73.976,N/A,73.91,74.28,73.86
11/05/2020,73.888,N/A,73.91,74.035,73.888
11/04/2020,74.32,N/A,74.365,74.373,74.207
11/03/2020,74.719,N/A,74.61,74.934,74.598
11/02/2020,74.28,N/A,74.50,74.51,74.252
11/01/2020,74.412,N/A,74.554,74.567,74.355
10/30/2020,74.567,N/A,74.37,74.703,74.24
10/29/2020,74.252,N/A,74.37,74.38,74.248
10/28/2020,74.085,N/A,74.18,74.23,74.05
10/27/2020,73.732,N/A,73.622,73.735,73.624
10/26/2020,73.943,N/A,73.96,74.02,73.93
10/25/2020,73.787,N/A,73.829,73.842,73.752
10/23/2020,73.842,N/A,73.66,73.888,73.475
10/22/2020,73.67,N/A,73.67,73.67,73.67
10/21/2020,73.708,N/A,73.59,73.748,73.60
10/20/2020,73.417,N/A,73.44,73.45,73.415
10/19/2020,73.353,N/A,73.35,73.40,73.336
10/18/2020,73.387,N/A,73.442,73.444,73.368
10/16/2020,73.444,N/A,73.42,73.45,73.267
10/15/2020,73.392,N/A,73.42,73.435,73.392
10/14/2020,73.327,N/A,73.24,73.347,73.255
10/13/2020,73.387,N/A,73.40,73.41,73.358
10/12/2020,73.37,N/A,73.363,73.382,73.31
10/11/2020,73.015,N/A,73.01,73.015,73.015
10/09/2020,73.02,N/A,73.29,73.30,72.981
10/08/2020,73.30,N/A,73.30,73.30,73.30
10/07/2020,73.366,N/A,73.33,73.38,73.33
10/06/2020,73.547,N/A,73.434,73.60,73.441
10/05/2020,73.203,N/A,73.11,73.203,73.093
10/04/2020,73.295,N/A,73.29,73.295,73.295
10/02/2020,73.295,N/A,73.193,73.447,73.218
10/01/2020,73.239,N/A,73.193,73.239,73.218
09/30/2020,73.57,N/A,73.57,73.57,73.57
09/29/2020,73.76,N/A,73.75,73.912,73.728
09/28/2020,73.765,N/A,73.67,73.855,73.526
09/27/2020,73.685,N/A,73.67,73.685,73.685
09/25/2020,73.685,N/A,73.90,73.91,73.575
09/24/2020,73.91,N/A,73.91,73.91,73.91
09/23/2020,73.58,N/A,73.58,73.58,73.58
09/22/2020,73.503,N/A,73.51,73.52,73.503
09/21/2020,73.58,N/A,73.57,73.58,73.575
09/20/2020,73.535,N/A,73.538,73.535,73.535
09/18/2020,73.54,N/A,73.60,73.61,73.144
09/17/2020,73.61,N/A,73.61,73.61,73.61
09/16/2020,73.545,N/A,73.545,73.545,73.545
09/15/2020,73.619,N/A,73.60,73.647,73.595
09/14/2020,73.373,N/A,73.37,73.40,73.355
09/13/2020,73.48,N/A,73.43,73.48,73.48
09/11/2020,73.435,N/A,73.43,73.625,73.405
09/10/2020,73.502,N/A,73.43,73.552,73.44
09/09/2020,73.462,N/A,73.30,73.462,73.31
09/08/2020,73.805,N/A,73.74,73.832,73.75
09/07/2020,73.447,N/A,73.447,73.447,73.447
09/06/2020,73.291,N/A,73.289,73.291,73.291
09/04/2020,73.291,N/A,73.389,73.505,73.016
09/03/2020,73.47,N/A,73.389,73.505,73.391
09/02/2020,73.19,N/A,73.268,73.269,73.151
09/01/2020,73.135,N/A,73.002,73.155,73.004
08/31/2020,73.257,N/A,73.257,73.257,73.257
08/30/2020,73.125,N/A,73.114,73.175,73.052
08/28/2020,73.115,N/A,73.894,73.904,73.115
08/27/2020,73.843,N/A,73.894,73.904,73.825
08/26/2020,74.312,N/A,74.217,74.325,74.222
08/25/2020,74.285,N/A,74.202,74.32,74.223
08/24/2020,74.13,N/A,74.168,74.169,74.075
08/23/2020,74.922,N/A,74.92,74.922,74.922
08/21/2020,74.922,N/A,75.012,75.013,74.82
08/20/2020,74.987,N/A,75.012,75.013,74.975
08/19/2020,74.99,N/A,74.846,74.998,74.847
08/18/2020,74.665,N/A,74.57,74.67,74.575
08/17/2020,74.757,N/A,74.743,74.81,74.74
08/16/2020,74.833,N/A,74.874,74.903,74.82
08/14/2020,74.903,N/A,74.811,74.972,74.74
08/13/2020,74.87,N/A,74.811,74.89,74.812
08/12/2020,74.81,N/A,74.79,74.825,74.775
08/11/2020,74.615,N/A,74.61,74.62,74.615
08/10/2020,74.863,N/A,74.87,74.885,74.843
08/09/2020,75.025,N/A,75.012,75.025,75.025
08/07/2020,75.025,N/A,74.89,75.104,74.897
08/06/2020,75.067,N/A,74.89,75.085,74.90
08/05/2020,74.81,N/A,74.796,74.88,74.79
08/04/2020,74.942,N/A,75.06,75.061,74.935
08/03/2020,75.185,N/A,75.185,75.185,75.185
08/02/2020,74.898,N/A,74.916,74.925,74.862
07/31/2020,74.918,N/A,74.875,74.934,74.685
07/30/2020,74.876,N/A,74.923,74.956,74.797
07/29/2020,74.833,N/A,74.923,74.948,74.825
07/28/2020,74.835,N/A,74.907,74.909,74.828
07/27/2020,74.857,N/A,74.79,74.862,74.772
07/26/2020,74.76,N/A,74.75,74.76,74.76
07/24/2020,74.77,N/A,74.81,74.978,74.709
07/23/2020,74.933,N/A,74.81,74.97,74.815
07/22/2020,74.618,N/A,74.60,74.675,74.61
07/21/2020,74.601,N/A,74.53,74.603,74.523
07/20/2020,74.734,N/A,74.74,74.75,74.675
07/19/2020,74.935,N/A,74.884,74.975,74.898
07/17/2020,74.898,N/A,75.17,75.25,74.898
07/16/2020,75.21,N/A,75.17,75.228,75.18
07/15/2020,75.188,N/A,75.12,75.406,75.058
07/14/2020,75.338,N/A,75.377,75.406,75.302
07/13/2020,75.212,N/A,75.19,75.229,75.082
07/12/2020,75.18,N/A,75.19,75.21,75.145
07/10/2020,75.195,N/A,75.14,75.33,75.141
07/09/2020,75.155,N/A,74.94,75.16,74.909
07/08/2020,74.957,N/A,74.94,74.999,74.919
07/07/2020,74.865,N/A,74.805,74.905,74.81
07/06/2020,74.708,N/A,74.63,74.72,74.635
07/05/2020,74.636,N/A,74.634,74.636,74.636
07/03/2020,74.636,N/A,74.74,75.03,74.595
07/02/2020,74.772,N/A,75.48,75.532,74.641
07/01/2020,75.495,N/A,75.48,75.515,75.455
06/30/2020,75.513,N/A,75.54,75.545,75.513
06/29/2020,75.499,N/A,75.50,75.52,75.46
06/28/2020,75.601,N/A,75.61,75.67,75.592
06/26/2020,75.635,N/A,75.585,75.68,75.43
06/25/2020,75.553,N/A,75.585,75.587,75.515
06/24/2020,75.775,N/A,75.65,75.775,75.665
06/23/2020,75.635,N/A,75.481,75.635,75.473
06/22/2020,75.835,N/A,75.78,75.91,75.768
06/21/2020,76.222,N/A,76.25,76.295,76.205
06/19/2020,76.255,N/A,76.39,76.40,76.106
06/18/2020,76.238,N/A,76.39,76.40,76.233
06/17/2020,76.168,N/A,76.28,76.29,76.108
06/16/2020,76.318,N/A,76.24,76.353,76.235
06/15/2020,75.844,N/A,75.954,75.979,75.785
06/12/2020,76.06,N/A,75.97,76.215,75.76
06/11/2020,76.045,N/A,75.97,76.215,75.972
06/10/2020,75.722,N/A,75.611,75.757,75.58
06/09/2020,75.48,N/A,75.49,75.555,75.445
06/08/2020,75.497,N/A,75.38,75.731,75.40
06/07/2020,75.615,N/A,75.558,75.672,75.549
06/05/2020,75.56,N/A,75.439,75.727,75.325
06/04/2020,75.565,N/A,75.31,75.645,75.325
06/03/2020,75.507,N/A,75.31,75.508,75.325
06/02/2020,75.075,N/A,75.09,75.10,75.01
06/01/2020,75.566,N/A,75.50,75.60,75.478
05/29/2020,75.605,N/A,75.65,75.742,75.445
05/28/2020,75.678,N/A,75.65,75.742,75.655
05/27/2020,75.835,N/A,75.90,75.92,75.767
05/26/2020,75.614,N/A,75.432,75.645,75.459
05/25/2020,75.698,N/A,75.884,75.887,75.688
05/24/2020,75.95,N/A,75.94,75.95,75.95
05/22/2020,75.96,N/A,75.61,76.013,75.62
05/21/2020,75.681,N/A,75.61,75.785,75.62
05/20/2020,75.715,N/A,75.55,75.745,75.535
05/19/2020,75.635,N/A,75.64,75.71,75.602
05/18/2020,75.745,N/A,75.69,75.797,75.61
05/17/2020,75.808,N/A,75.817,75.855,75.773
05/15/2020,75.83,N/A,75.48,75.941,75.405
05/14/2020,75.493,N/A,75.48,75.527,75.426
05/13/2020,75.532,N/A,75.36,75.565,75.365
05/12/2020,75.19,N/A,75.034,75.305,75.053
05/11/2020,75.884,N/A,75.86,75.96,75.859
05/08/2020,75.53,N/A,75.785,75.794,75.263
05/07/2020,75.476,N/A,75.785,75.794,75.476
05/06/2020,76.081,N/A,76.08,76.145,76.049
05/05/2020,75.707,N/A,75.69,75.809,75.664
05/04/2020,75.498,N/A,75.63,75.64,75.472
05/03/2020,75.592,N/A,75.746,75.775,75.592
05/01/2020,75.749,N/A,75.077,75.805,75.08
04/30/2020,75.584,N/A,75.077,75.619,75.08
04/29/2020,75.226,N/A,75.452,75.455,75.226
04/28/2020,76.025,N/A,76.06,76.109,75.955
04/27/2020,76.168,N/A,76.227,76.237,76.124
04/26/2020,76.215,N/A,76.26,76.30,76.201
04/24/2020,76.27,N/A,75.89,76.479,75.895
04/23/2020,76.145,N/A,75.89,76.145,75.895
04/22/2020,76.404,N/A,76.40,76.465,76.335
04/21/2020,76.865,N/A,76.97,77.01,76.865
04/20/2020,76.625,N/A,76.57,76.811,76.575
04/19/2020,76.53,N/A,76.54,76.559,76.455
04/17/2020,76.55,N/A,76.79,76.821,76.254
04/16/2020,76.63,N/A,76.79,76.821,76.53
04/15/2020,76.685,N/A,76.559,76.685,76.55
04/14/2020,76.017,N/A,76.01,76.072,76.007
04/13/2020,76.289,N/A,76.245,76.352,76.249
04/12/2020,76.205,N/A,75.869,76.227,75.879
04/10/2020,75.879,N/A,76.295,76.30,75.847
04/09/2020,75.885,N/A,76.295,76.30,75.86
04/08/2020,76.04,N/A,75.93,76.10,75.945
04/07/2020,75.85,N/A,75.62,75.85,75.625
04/06/2020,75.895,N/A,75.96,75.985,75.863
04/05/2020,76.226,N/A,76.236,76.24,76.185
04/03/2020,76.24,N/A,76.395,76.40,75.795
04/02/2020,76.09,N/A,76.395,76.40,75.95
04/01/2020,76.404,N/A,75.333,76.421,75.32
03/31/2020,75.32,N/A,75.333,75.343,75.32
03/30/2020,75.505,N/A,75.39,75.535,75.375
03/29/2020,75.215,N/A,75.469,75.472,75.125
03/27/2020,75.472,N/A,74.885,75.528,74.365
03/26/2020,74.76,N/A,74.885,74.889,74.625
03/25/2020,75.84,N/A,76.36,76.375,75.82
03/24/2020,76.379,N/A,76.32,76.385,75.946
03/23/2020,76.045,N/A,76.32,76.335,76.005
03/22/2020,76.125,N/A,75.394,76.15,75.37
03/20/2020,75.399,N/A,74.782,75.399,74.715
03/19/2020,74.74,N/A,74.782,74.89,74.715
03/18/2020,74.838,N/A,74.546,75.02,74.55
03/17/2020,74.062,N/A,74.062,74.062,74.062
03/16/2020,74.145,N/A,73.997,74.185,74.003
03/15/2020,74.155,N/A,73.839,74.175,73.84
03/13/2020,73.84,N/A,74.572,74.576,73.734
03/12/2020,74.406,N/A,74.572,74.576,74.36
03/11/2020,74.181,N/A,73.68,74.345,73.682
03/10/2020,73.852,N/A,74.147,74.15,73.776
03/09/2020,74.248,N/A,74.191,74.248,74.195
03/08/2020,73.993,N/A,74.001,74.035,73.931
03/06/2020,74.004,N/A,74.004,74.075,73.507
03/05/2020,73.715,N/A,73.502,74.075,73.507
03/04/2020,73.256,N/A,73.03,73.632,72.903
03/03/2020,73.387,N/A,73.03,73.416,72.903
03/02/2020,72.737,N/A,72.878,72.882,72.435
03/01/2020,72.251,N/A,72.534,72.539,72.041
02/28/2020,72.539,N/A,71.65,72.573,71.655
02/27/2020,71.929,N/A,71.65,71.957,71.655
02/26/2020,71.666,N/A,71.577,71.686,71.58
02/25/2020,71.754,N/A,71.81,71.88,71.735
02/24/2020,71.88,N/A,71.92,71.935,71.802
02/23/2020,71.814,N/A,71.87,71.942,71.811
02/21/2020,71.885,N/A,71.67,72.02,71.66
02/20/2020,71.847,N/A,71.67,71.858,71.66
02/19/2020,71.692,N/A,71.59,71.815,71.60
02/18/2020,71.585,N/A,71.32,71.598,71.34
02/17/2020,71.372,N/A,71.527,71.528,71.26
02/16/2020,71.458,N/A,71.527,71.528,71.39
02/14/2020,71.529,N/A,71.32,71.602,71.285
02/13/2020,71.308,N/A,71.32,71.34,71.285
02/12/2020,71.449,N/A,71.29,71.456,71.306
02/11/2020,71.238,N/A,71.28,71.285,71.204
02/10/2020,71.207,N/A,71.28,71.29,71.195
02/09/2020,71.36,N/A,71.50,71.515,71.32
02/07/2020,71.52,N/A,71.223,71.53,71.201
02/06/2020,71.22,N/A,71.223,71.287,71.201
02/05/2020,71.222,N/A,71.18,71.287,71.18
02/04/2020,71.235,N/A,71.11,71.278,71.11
02/03/2020,71.201,N/A,71.321,71.324,71.177
02/02/2020,71.57,N/A,71.54,71.655,71.525
01/31/2020,71.555,N/A,71.54,71.574,71.281
01/30/2020,71.434,N/A,71.54,71.57,71.412
01/29/2020,71.472,N/A,71.30,71.485,71.31
01/28/2020,71.195,N/A,71.19,71.254,71.18
01/27/2020,71.347,N/A,71.44,71.45,71.335
01/26/2020,71.435,N/A,71.32,71.515,71.33
01/24/2020,71.33,N/A,71.39,71.40,71.215
01/23/2020,71.265,N/A,71.39,71.40,71.252
01/22/2020,71.175,N/A,71.07,71.235,71.08
01/21/2020,71.191,N/A,71.16,71.205,71.127
01/20/2020,71.159,N/A,71.03,71.195,71.04
01/19/2020,71.07,N/A,71.076,71.123,71.045
01/17/2020,71.079,N/A,70.953,71.11,70.942
01/16/2020,70.959,N/A,70.953,71.035,70.942
01/15/2020,70.808,N/A,70.71,70.817,70.72
01/14/2020,70.917,N/A,70.84,71.015,70.85
01/13/2020,70.889,N/A,70.70,70.894,70.71
01/12/2020,70.838,N/A,70.95,70.96,70.797
01/10/2020,70.96,N/A,71.20,71.26,70.853
01/09/2020,71.127,N/A,71.20,71.26,71.062
01/08/2020,71.445,N/A,71.506,71.525,71.377
01/07/2020,72.007,N/A,71.84,72.08,71.845
01/06/2020,71.722,N/A,71.864,71.867,71.689
01/05/2020,72.041,N/A,71.76,72.109,71.77
01/03/2020,71.77,N/A,71.34,71.838,71.35
01/02/2020,71.637,N/A,71.34,71.657,71.35
01/01/2020,71.316,N/A,71.222,71.328,71.228
12/31/2019,71.34,N/A,71.35,71.365,71.285
12/30/2019,71.255,N/A,71.31,71.32,71.237
12/29/2019,71.346,N/A,71.44,71.455,71.295
12/27/2019,71.505,N/A,71.29,71.505,71.175
12/26/2019,71.275,N/A,71.29,71.315,71.233
12/25/2019,71.27,N/A,71.27,71.28,71.225
12/24/2019,71.28,N/A,71.28,71.28,71.28
12/23/2019,71.236,N/A,71.21,71.251,71.19
12/22/2019,71.175,N/A,71.05,71.18,71.06
12/20/2019,71.075,N/A,71.17,71.257,71.037
12/19/2019,71.049,N/A,71.17,71.18,71.037
12/18/2019,70.926,N/A,70.99,71.025,70.922
12/17/2019,71.089,N/A,71.03,71.109,71.025
12/16/2019,70.965,N/A,70.91,71.022,70.915
12/15/2019,70.914,N/A,70.795,70.915,70.755
12/13/2019,70.798,N/A,70.56,70.885,70.525
12/12/2019,70.61,N/A,70.56,70.655,70.525
12/11/2019,70.679,N/A,70.70,70.718,70.638
12/10/2019,70.765,N/A,70.80,70.90,70.754
12/09/2019,70.92,N/A,70.96,71.037,70.915
12/08/2019,71.135,N/A,71.268,71.295,71.105
12/06/2019,71.283,N/A,71.227,71.433,71.193
12/05/2019,71.345,N/A,71.227,71.355,71.24
12/04/2019,71.505,N/A,71.471,71.55,71.474
12/03/2019,71.722,N/A,71.73,71.809,71.528
12/02/2019,71.61,N/A,71.619,71.653,71.578
12/01/2019,71.708,N/A,71.746,71.785,71.662
11/29/2019,71.749,N/A,71.50,71.873,71.24
11/28/2019,71.695,N/A,71.50,71.743,71.24
11/27/2019,71.455,N/A,71.25,71.46,71.24
11/26/2019,71.435,N/A,71.47,71.487,71.405
11/25/2019,71.675,N/A,71.684,71.689,71.675
11/22/2019,71.792,N/A,71.74,71.873,71.658
11/21/2019,71.75,N/A,71.74,71.75,71.75
11/20/2019,71.746,N/A,71.743,71.746,71.746
11/19/2019,71.83,N/A,71.94,72.005,71.62
11/18/2019,71.945,N/A,71.94,71.945,71.945
11/15/2019,71.65,N/A,71.953,71.966,71.597
11/14/2019,71.966,N/A,71.953,71.966,71.966
11/13/2019,72.15,N/A,72.14,72.15,72.15
11/12/2019,71.79,N/A,71.78,71.79,71.79
11/11/2019,71.57,N/A,71.56,71.57,71.57
11/08/2019,71.36,N/A,71.044,71.36,71.047
11/07/2019,71.047,N/A,71.044,71.047,71.047
11/06/2019,71.01,N/A,71.00,71.01,71.01
11/05/2019,70.761,N/A,70.77,70.775,70.761
11/04/2019,70.802,N/A,70.787,70.802,70.789
11/01/2019,70.76,N/A,70.978,71.066,70.76
10/31/2019,71.066,N/A,70.978,71.066,70.98
10/30/2019,70.953,N/A,70.953,70.953,70.953
10/29/2019,70.89,N/A,70.89,70.89,70.89
10/28/2019,70.745,N/A,70.745,70.745,70.745
10/25/2019,70.82,N/A,70.96,71.064,70.774
10/24/2019,70.965,N/A,70.965,70.965,70.965
10/23/2019,70.725,N/A,70.72,70.725,70.72
10/22/2019,70.809,N/A,70.809,70.809,70.809
10/21/2019,70.915,N/A,70.92,70.925,70.915
10/18/2019,71.09,N/A,71.12,71.315,71.04
10/17/2019,71.13,N/A,71.12,71.13,71.13
10/16/2019,71.364,N/A,71.351,71.364,71.364
10/15/2019,71.50,N/A,71.50,71.50,71.50
10/14/2019,71.237,N/A,71.237,71.237,71.237
10/11/2019,70.924,N/A,70.98,71.085,70.795
10/10/2019,70.99,N/A,70.99,70.99,70.99
10/09/2019,71.12,N/A,71.11,71.12,71.12
10/08/2019,71.22,N/A,71.22,71.22,71.22
10/07/2019,70.975,N/A,70.975,70.975,70.975
10/04/2019,70.825,N/A,71.02,71.043,70.765
10/03/2019,71.03,N/A,71.02,71.03,71.03
10/02/2019,71.15,N/A,71.15,71.15,71.15
10/01/2019,71.11,N/A,71.11,71.11,71.11
09/30/2019,70.66,N/A,70.64,70.66,70.645
09/27/2019,70.509,N/A,70.948,70.976,70.364
09/26/2019,70.951,N/A,70.948,70.976,70.951
09/25/2019,70.988,N/A,70.988,70.988,70.988
09/24/2019,70.983,N/A,70.954,71.003,70.943
09/23/2019,70.799,N/A,70.786,70.799,70.799
09/20/2019,71.075,N/A,71.37,71.375,70.675
09/19/2019,71.375,N/A,71.375,71.375,71.375
09/18/2019,71.145,N/A,71.145,71.145,71.145
09/17/2019,71.49,N/A,71.473,71.49,71.49
09/16/2019,71.58,N/A,71.58,71.58,71.58
09/13/2019,70.985,N/A,70.939,71.15,70.852
09/12/2019,70.997,N/A,70.939,71.022,70.962
09/11/2019,71.527,N/A,71.549,71.577,71.527
09/10/2019,71.875,N/A,71.87,71.875,71.875
09/09/2019,71.674,N/A,71.63,71.735,71.497
09/06/2019,71.645,N/A,71.908,71.952,71.595
09/05/2019,71.933,N/A,71.908,71.952,71.913
09/04/2019,71.966,N/A,71.969,72.011,71.951
08/16/2019,71.155,N/A,71.793,71.81,71.045
08/15/2019,71.81,N/A,71.793,71.81,71.81
08/14/2019,71.275,N/A,71.275,71.275,71.275
08/13/2019,71.418,N/A,71.406,71.418,71.418
08/06/2019,70.828,N/A,70.804,70.897,70.47
08/05/2019,70.821,N/A,70.821,70.821,70.821
08/02/2019,69.70,N/A,69.005,69.703,69.017
08/01/2019,69.017,N/A,69.005,69.017,69.017
07/31/2019,69.233,N/A,68.86,69.257,68.875
07/30/2019,68.835,N/A,68.845,68.88,68.825
07/29/2019,68.733,N/A,68.75,68.757,68.733
07/28/2019,68.885,N/A,68.87,68.907,68.88
07/26/2019,68.88,N/A,69.029,69.16,68.822
07/25/2019,69.109,N/A,69.029,69.16,69.041
07/24/2019,68.963,N/A,68.97,68.992,68.963
07/23/2019,69.099,N/A,69.017,69.109,69.025
07/22/2019,68.91,N/A,68.92,68.95,68.91
07/19/2019,68.86,N/A,68.85,68.948,68.721
07/18/2019,68.855,N/A,68.85,68.855,68.855
07/17/2019,68.775,N/A,68.83,68.846,68.775
07/16/2019,68.63,N/A,68.64,68.691,68.63
07/15/2019,68.528,N/A,68.54,68.555,68.522
07/12/2019,68.56,N/A,68.40,68.69,68.41
07/11/2019,68.424,N/A,68.40,68.451,68.41
07/10/2019,68.346,N/A,68.399,68.419,68.346
07/09/2019,68.565,N/A,68.55,68.565,68.565
07/08/2019,68.567,N/A,68.567,68.567,68.567
07/05/2019,68.45,N/A,68.503,68.778,68.39
07/04/2019,68.547,N/A,68.503,68.547,68.527
07/03/2019,68.811,N/A,68.79,68.817,68.793
07/02/2019,68.8845,N/A,68.8845,69.093,68.838
07/01/2019,68.995,N/A,68.995,69.177,68.882
06/30/2019,68.97,N/A,68.97,68.97,68.945
06/28/2019,68.9563,N/A,68.9563,69.35,68.876
06/27/2019,69.0525,N/A,69.0525,69.35,69.037
06/26/2019,69.305,N/A,69.305,69.612,69.192
06/25/2019,69.5601,N/A,69.5601,69.647,69.304
06/24/2019,69.57,N/A,69.57,69.612,69.266
06/23/2019,69.5802,N/A,69.5802,69.615,69.58
06/21/2019,69.58,N/A,69.58,69.83,69.487
06/20/2019,69.65,N/A,69.65,69.797,69.513
06/19/2019,69.5375,N/A,69.5375,69.907,69.537
06/18/2019,69.5425,N/A,69.5425,70.123,69.43
06/17/2019,70.1225,N/A,70.1225,70.123,69.809
06/16/2019,69.7805,N/A,69.7805,69.834,69.78
06/14/2019,69.88,N/A,69.88,69.897,69.513
06/13/2019,69.5575,N/A,69.5575,69.825,69.531
06/12/2019,69.397,N/A,69.397,69.71,69.359
06/11/2019,69.66,N/A,69.66,69.66,69.363
06/10/2019,69.4575,N/A,69.4575,69.785,69.457
06/09/2019,69.405,N/A,69.405,69.422,69.355
06/07/2019,69.39,N/A,69.39,69.603,69.09
06/06/2019,69.135,N/A,69.135,69.37,69.09
06/05/2019,69.395,N/A,69.395,69.638,69.371
06/04/2019,69.57,N/A,69.57,69.57,69.291
06/03/2019,69.1714,N/A,69.1714,69.32,69.031
06/02/2019,69.5709,N/A,69.5709,69.581,69.571
05/31/2019,69.576,N/A,69.576,69.99,69.562
05/30/2019,69.7735,N/A,69.7735,69.99,69.727
05/29/2019,69.8075,N/A,69.8075,70.078,69.791
05/28/2019,69.7615,N/A,69.7615,70.025,69.579
05/27/2019,69.69,N/A,69.69,69.743,69.483
05/26/2019,69.3915,N/A,69.3915,69.605,69.355
05/24/2019,69.3725,N/A,69.3725,69.957,69.362
05/23/2019,69.6975,N/A,69.6975,69.957,69.655
05/22/2019,69.625,N/A,69.625,69.983,69.623
05/21/2019,69.668,N/A,69.668,69.985,69.645
05/20/2019,69.756,N/A,69.756,70.138,69.609
05/19/2019,69.39,N/A,69.39,70.348,69.29
05/17/2019,70.348,N/A,70.348,70.55,70.059
05/16/2019,70.2275,N/A,70.2275,70.55,70.13
05/15/2019,70.2187,N/A,70.2187,70.582,70.204
05/14/2019,70.4002,N/A,70.4002,70.72,70.31
05/13/2019,70.46,N/A,70.46,70.98,70.426
05/12/2019,70.0175,N/A,70.0175,70.085,69.933
05/10/2019,69.9325,N/A,69.9325,70.42,69.751
05/09/2019,69.9375,N/A,69.9375,70.42,69.922
05/08/2019,69.839,N/A,69.839,70.035,69.715
05/07/2019,69.54,N/A,69.54,69.922,69.513
05/06/2019,69.3525,N/A,69.3525,69.63,69.278
05/05/2019,69.364,N/A,69.364,69.376,69.096
05/03/2019,69.178,N/A,69.178,69.787,69.052
03/18/2019,68.645,N/A,68.645,69.285,68.444
03/15/2019,68.9545,N/A,68.9545,69.671,68.917
03/14/2019,69.336,N/A,69.336,69.927,69.255
03/13/2019,69.5672,N/A,69.5672,69.855,69.401
03/12/2019,69.855,N/A,69.855,69.855,69.558
03/11/2019,69.8003,N/A,69.8003,70.032,69.722
03/08/2019,70.019,N/A,70.019,70.498,69.769
